a, b, c, Lm, Xq0, Yq0, n, meanS
-0.2793209, -0.013201047, -0.96010706, 1.1178748, -2156.3906, -101.91365, 1.337, 8.787412e-09
