a, b, c, Lm, Xq0, Yq0, n, meanS
-0.29369769, -0.015133152, -0.95577856, 1.1882456, -2274.5681, -117.20005, 1.337, 1.1239524e-09
